name,value
Ln,1.3917614228635158
Lp,0.47856477453469437
Ls,0.9939723217638923
Wn,1.0031638856663239
Wp,0.8452580275021987
Ws,1.6834669516324245
