name,value
Ln,0.27785984044477874
Lp,1.0769062189692598
Ls,0.775059560398452
Wn,0.5240714572135358
Wp,0.6949127231213996
Ws,0.5089714712421409
