name,value
Lbn,1.9655964376119615
Lbp,3.536137432889039
Ln,0.8079176311658803
Lp,1.4488210406710091
Lsn,0.9724302835683029
Lsp,0.8250496515927073
Wbn,4.037310409074408
Wbp,0.7259597024749913
Wn,1.4014096269389105
Wp,0.5422081816292381
Wsn,2.8389532864918823
Wsp,1.6321042300680209
