name,value
Lbn,0.23981593162267875
Lbp,0.42494439259602435
Ln,0.43024916558479254
Lp,1.0820483538889039
Ls,1.2130660813067404
Lsp,2.4972116974946976
Wbn,1.1865613910143828
Wbp,1.696589130747142
Wn,1.5417246045924735
Wp,1.1778560472179038
Ws,3.2810792835013656
Wsp,4.026669142182856
