name,value
Ln,0.4872045746824333
Lp,0.7085563883699115
Ls,0.42232327693260274
Wn,2.406365932723821
Wp,0.5111332424383495
Ws,0.6447989067776626
