name,value
Ln,0.7160077332311959
Lp,0.21908937319202793
Ls,1.6693827534769634
Wn,1.6970617507059702
Wp,1.9435254150365375
Ws,13.777809656517311
