name,value
Ln,0.2162519890681772
Lp,1.2450663243797873
Ls,1.364141627810489
Wn,2.104722838787751
Wp,0.6312435772404584
Ws,1.6662135939982117
