name,value
Lbn,0.8431026210226712
Lbp,2.8039367907496326
Ln,1.5794160324306736
Lp,0.44787476281975624
Lsn,0.7102045583343611
Lsp,2.8235711290139567
Wbn,48.132655731866166
Wbp,0.6723269359566091
Wn,1.9594129183566245
Wp,0.5739256948971341
Wsn,30.3635304019318
Wsp,2.4779784442070802
