name,value
Ln,0.2457858627499308
Lp,1.1843698345310587
Ls,0.5442175395553079
Wn,1.2283153552714576
Wp,0.5562997533624899
Ws,0.5141337777167165
