name,value
Cc,0.010785589091711963
Ln,0.32876441118511535
Lp,0.7431226293473099
Ls,2.2751692524789933
Wn,0.6708178779292269
Wp,1.2679471763912153
Ws,6.418333641764074
