name,value
Ln,0.2538480597868892
Lp,1.3103888684534237
Ls,2.0099756436297724
Wn,0.5013202807703405
Wp,0.8444909703511653
Ws,1.926604793358414
