name,value
Cc,0.011557139845603201
Ln,0.2930258027706477
Lp,0.8238459054600495
Ls,0.7299854740268277
Wn,0.7539066326191702
Wp,0.7530512677837142
Ws,3.4197149850728086
