name,value
Lbn,1.1480817210875214
Lbp,0.7150807649889878
Ln,1.5085298460016172
Lp,0.2106067616680464
Lsn,0.32076941440456014
Lsp,0.6942065031200015
Wbn,0.7034949034458554
Wbp,1.6328971885337997
Wn,0.8285765173876496
Wp,4.044583770026678
Wsn,5.5710202290773365
Wsp,7.007428353335206
