name,value
Lbn,0.160243621800936
Lbp,0.16214370970417066
Ln,0.5786048145278031
Lp,0.49296686137978457
Rbias,1689.5001977420598
Wbn,1.4947006576641475
Wbp,0.617592722095317
Wn,0.5189974802583835
Wp,0.5547702936882252
