{
  "measurements": {
    "Doing analysis at TEMP": 27.0,
    "tcross_a": 9.51546e-08,
    "tcross_b": 1.43112e-07,
    "RESULT_FREQ_HZ": 104259000.0,
    "avg_idd": -2.02598e-05,
    "RESULT_POWER_UW": 36.4677,
    "RESULT_FREQ_HIGH": 175784000.0,
    "RESULT_TEMP_VARIATION_PCT": 0.025893071205945816,
    "RESULT_JITTER_PCT": 0.5
  },
  "score": 0.8,
  "details": {
    "freq_hz": {
      "measured": 104259000.0,
      "target": ">50e6",
      "met": true,
      "score": 1.0,
      "unit": "Hz"
    },
    "tuning_range_ratio": {
      "measured": null,
      "target": ">2",
      "met": false,
      "score": 0,
      "unit": "x"
    },
    "power_uw": {
      "measured": 36.4677,
      "target": "<500",
      "met": true,
      "score": 1.0,
      "unit": "uW"
    },
    "temp_variation_pct": {
      "measured": 0.025893071205945816,
      "target": "<10",
      "met": true,
      "score": 1.0,
      "unit": "%"
    },
    "jitter_pct": {
      "measured": 0.5,
      "target": "<1",
      "met": true,
      "score": 1.0,
      "unit": "%"
    }
  },
  "parameters": {
    "Ln": 0.4872045746824333,
    "Lp": 0.7085563883699115,
    "Ls": 0.42232327693260274,
    "Wn": 2.406365932723821,
    "Wp": 0.5111332424383495,
    "Ws": 0.6447989067776626
  },
  "de_result": {
    "converged": false,
    "iterations": 50,
    "diversity": 0.06414692201688936,
    "stop_reason": "max_iterations",
    "best_metric": -7.348950585758811
  }
}