{
  "measurements": {
    "Doing analysis at TEMP": 27.0,
    "tcross_a": 7.56583e-08,
    "tcross_b": 1.15289e-07,
    "RESULT_FREQ_HZ": 126164000.0,
    "avg_idd": -3.63782e-05,
    "RESULT_POWER_UW": 65.4809,
    "RESULT_FREQ_LOW": 54041100.0,
    "RESULT_FREQ_HIGH": 146890000.0,
    "RESULT_TUNING_RANGE_RATIO": 2.7181163965944437,
    "RESULT_TEMP_VARIATION_PCT": 10.790401162346908,
    "RESULT_JITTER_PCT": 0.5
  },
  "score": 0.9853499207220392,
  "details": {
    "freq_hz": {
      "measured": 126164000.0,
      "target": ">50e6",
      "met": true,
      "score": 1.0,
      "unit": "Hz"
    },
    "tuning_range_ratio": {
      "measured": 2.7181163965944437,
      "target": ">2",
      "met": true,
      "score": 1.0,
      "unit": "x"
    },
    "power_uw": {
      "measured": 65.4809,
      "target": "<500",
      "met": true,
      "score": 1.0,
      "unit": "uW"
    },
    "temp_variation_pct": {
      "measured": 10.790401162346908,
      "target": "<10",
      "met": false,
      "score": 0.9267496036101964,
      "unit": "%"
    },
    "jitter_pct": {
      "measured": 0.5,
      "target": "<1",
      "met": true,
      "score": 1.0,
      "unit": "%"
    }
  },
  "parameters": {
    "Cc": 0.010785589091711963,
    "Ln": 0.32876441118511535,
    "Lp": 0.7431226293473099,
    "Ls": 2.2751692524789933,
    "Wn": 0.6708178779292269,
    "Wp": 1.2679471763912153,
    "Ws": 6.418333641764074
  },
  "de_result": {
    "converged": true,
    "iterations": 206,
    "diversity": 0.005,
    "stop_reason": "manually terminated (div=0.005, best stable)",
    "best_metric": -7.297965
  }
}