{
  "measurements": {
    "Doing analysis at TEMP": 27.0,
    "tcross_a": 9.58485e-08,
    "tcross_b": 1.45848e-07,
    "RESULT_FREQ_HZ": 100001000.0,
    "avg_idd": -1.63465e-05,
    "RESULT_POWER_UW": 29.4237,
    "RESULT_FREQ_LOW": 32751100.0,
    "RESULT_FREQ_HIGH": 155014000.0,
    "RESULT_TUNING_RANGE_RATIO": 4.733092934283123,
    "RESULT_TEMP_VARIATION_PCT": 0.0009999933333777774,
    "RESULT_JITTER_PCT": 0.5
  },
  "score": 1.0,
  "details": {
    "freq_hz": {
      "measured": 100001000.0,
      "target": ">50e6",
      "met": true,
      "score": 1.0,
      "unit": "Hz"
    },
    "tuning_range_ratio": {
      "measured": 4.733092934283123,
      "target": ">2",
      "met": true,
      "score": 1.0,
      "unit": "x"
    },
    "power_uw": {
      "measured": 29.4237,
      "target": "<500",
      "met": true,
      "score": 1.0,
      "unit": "uW"
    },
    "temp_variation_pct": {
      "measured": 0.0009999933333777774,
      "target": "<10",
      "met": true,
      "score": 1.0,
      "unit": "%"
    },
    "jitter_pct": {
      "measured": 0.5,
      "target": "<1",
      "met": true,
      "score": 1.0,
      "unit": "%"
    }
  },
  "parameters": {
    "Ln": 0.2538480597868892,
    "Lp": 1.3103888684534237,
    "Ls": 2.0099756436297724,
    "Wn": 0.5013202807703405,
    "Wp": 0.8444909703511653,
    "Ws": 1.926604793358414
  },
  "de_result": {
    "converged": true,
    "iterations": 245,
    "diversity": 0.004634505272270177,
    "stop_reason": "converged (div=0.0046, no_improve=30)",
    "best_metric": -7.382105201333324
  }
}