{
  "measurements": {
    "Doing analysis at TEMP": 27.0,
    "trise1": 2.30965e-08,
    "trise2": 2.97464e-08,
    "RESULT_FREQ_HZ": 150380000.0,
    "avg_idd": -3.13085e-05,
    "RESULT_POWER_UW": 56.3554,
    "RESULT_FREQ_HIGH": 286039000.0,
    "RESULT_TEMP_VARIATION_PCT": 0.5869014272375617,
    "RESULT_JITTER_PCT": 0.5
  },
  "score": 0.8,
  "details": {
    "freq_hz": {
      "measured": 150380000.0,
      "target": ">50e6",
      "met": true,
      "score": 1.0,
      "unit": "Hz"
    },
    "tuning_range_ratio": {
      "measured": null,
      "target": ">2",
      "met": false,
      "score": 0,
      "unit": "x"
    },
    "power_uw": {
      "measured": 56.3554,
      "target": "<500",
      "met": true,
      "score": 1.0,
      "unit": "uW"
    },
    "temp_variation_pct": {
      "measured": 0.5869014272375617,
      "target": "<10",
      "met": true,
      "score": 1.0,
      "unit": "%"
    },
    "jitter_pct": {
      "measured": 0.5,
      "target": "<1",
      "met": true,
      "score": 1.0,
      "unit": "%"
    }
  },
  "parameters": {
    "Lbn": 1.1480817210875214,
    "Lbp": 0.7150807649889878,
    "Ln": 1.5085298460016172,
    "Lp": 0.2106067616680464,
    "Lsn": 0.32076941440456014,
    "Lsp": 0.6942065031200015,
    "Wbn": 0.7034949034458554,
    "Wbp": 1.6328971885337997,
    "Wn": 0.8285765173876496,
    "Wp": 4.044583770026678,
    "Wsn": 5.5710202290773365,
    "Wsp": 7.007428353335206
  },
  "de_result": {
    "converged": true,
    "iterations": 31,
    "diversity": 0.18453037644978362,
    "stop_reason": "stagnated (div=0.1845, no_improve=30)",
    "best_metric": -7.157198114552488
  }
}