{
  "measurements": {
    "Doing analysis at TEMP": 27.0,
    "trise1": 2.41171e-08,
    "trise2": 3.37063e-08,
    "RESULT_FREQ_HZ": 104284000.0,
    "avg_idd": -1.48639e-05,
    "RESULT_POWER_UW": 26.755,
    "RESULT_FREQ_LOW": 5436650.0,
    "RESULT_FREQ_HIGH": 265045000.0,
    "RESULT_TUNING_RANGE_RATIO": 48.75152897464431,
    "RESULT_TEMP_VARIATION_PCT": 12.056596967270366,
    "RESULT_JITTER_PCT": 0.5
  },
  "score": 0.9658842876998652,
  "details": {
    "freq_hz": {
      "measured": 104284000.0,
      "target": ">50e6",
      "met": true,
      "score": 1.0,
      "unit": "Hz"
    },
    "tuning_range_ratio": {
      "measured": 48.75152897464431,
      "target": ">2",
      "met": true,
      "score": 1.0,
      "unit": "x"
    },
    "power_uw": {
      "measured": 26.755,
      "target": "<500",
      "met": true,
      "score": 1.0,
      "unit": "uW"
    },
    "temp_variation_pct": {
      "measured": 12.056596967270366,
      "target": "<10",
      "met": false,
      "score": 0.8294214384993261,
      "unit": "%"
    },
    "jitter_pct": {
      "measured": 0.5,
      "target": "<1",
      "met": true,
      "score": 1.0,
      "unit": "%"
    }
  },
  "parameters": {
    "Ln": 0.27785984044477874,
    "Lp": 1.0769062189692598,
    "Ls": 0.775059560398452,
    "Wn": 0.5240714572135358,
    "Wp": 0.6949127231213996,
    "Ws": 0.5089714712421409
  },
  "de_result": {
    "converged": false,
    "iterations": 50,
    "diversity": 0.03932721926234176,
    "stop_reason": "max_iterations",
    "best_metric": -6.39298
  }
}