{
  "measurements": {
    "Doing analysis at TEMP": 27.0,
    "tcross_a": 8.71238e-08,
    "tcross_b": 1.32766e-07,
    "RESULT_FREQ_HZ": 109549000.0,
    "avg_idd": -3.23083e-05,
    "RESULT_POWER_UW": 58.155,
    "RESULT_FREQ_LOW": 13846200.0,
    "RESULT_FREQ_HIGH": 145412000.0,
    "RESULT_TUNING_RANGE_RATIO": 10.501942771301874,
    "RESULT_TEMP_VARIATION_PCT": 0.04472244701759083,
    "RESULT_JITTER_PCT": 0.5
  },
  "score": 1.0,
  "details": {
    "freq_hz": {
      "measured": 109549000.0,
      "target": ">50e6",
      "met": true,
      "score": 1.0,
      "unit": "Hz"
    },
    "tuning_range_ratio": {
      "measured": 10.501942771301874,
      "target": ">2",
      "met": true,
      "score": 1.0,
      "unit": "x"
    },
    "power_uw": {
      "measured": 58.155,
      "target": "<500",
      "met": true,
      "score": 1.0,
      "unit": "uW"
    },
    "temp_variation_pct": {
      "measured": 0.04472244701759083,
      "target": "<10",
      "met": true,
      "score": 1.0,
      "unit": "%"
    },
    "jitter_pct": {
      "measured": 0.5,
      "target": "<1",
      "met": true,
      "score": 1.0,
      "unit": "%"
    }
  },
  "parameters": {
    "Cc": 0.010785589091711963,
    "Ln": 0.32876441118511535,
    "Lp": 0.7431226293473099,
    "Ls": 2.2751692524789933,
    "Wn": 0.6708178779292269,
    "Wp": 1.2679471763912153,
    "Ws": 6.418333641764074
  },
  "de_result": {
    "converged": false,
    "iterations": 50,
    "diversity": 0.046201082507866455,
    "stop_reason": "max_iterations",
    "best_metric": -7.258435510596482
  }
}